{"scope.version":"2","timeline.animationMode":"proMode","viewport.width":650,"viewport.height":650,"design.zoom":0.5,"publish.local.location":"C:/Users/Chever/Documents/~Main Documents/Homestuck/The Unofficial Homestuck Collection/assets/archive/IANSIMC/img/","publish.local.name":"0001","publish.local.flatten":false,"publish.local.minify":true,"publish.local.inlineFiles":true,"publish.local.createZip":false,"publish.local.politeLoad":false,"publish.local.exportMozilla":true,"publish.local.exportWebkit":true,"publish.local.unpackGroups":true,"publish.local.borderColor":"rgba(0,0,0,1)","publish.local.addBorder":false,"":false,"publish.local.skipLoadingDelay":false,"ruler.guides.horizontal":[],"ruler.guides.vertical":[330],"ruler.guides.show":true,"ruler.guides.lock":false,"design.userpaddingleft":-650,"design.userpaddingtop":-650,"design.scrollleft":632,"design.scrolltop":852,"library.openDirectories":[],"library.GroupsPath":{},"library.downloadedAssets":{}}